poem,theme,mood,devices
"Twinkle, twinkle little star, how I wonder what you are. Up above the world so high, like a diamond in the sky. Twinkle, twinkle little star, how I wonder what you are.",curiosity and wonder,whimsical and reflective,"simile, as seen in the comparison of the star to a ""diamond in the sky,"" and repetition, which emphasizes the speaker's sense of awe and enhances the musical quality of the verse"
"The wheels on the bus go round and round.
 Round and round, round and round.
 The wheels on the bus go round and round.
 All day long.The wipers on the bus go swish, swish, swish, swish...
 The horn on the bus goes beep, beep, beep...
 The children on the bus go wriggle, wriggle, wriggle...
 The grown-ups on the bus go chatter, chatter, chatter...
 The babies on the bus go wah,wah,wah...",the lively and repetitive activities on a bus,playful and cheerful,"repetition, which enhances the musical quality and reinforces the rhythm, and onomatopoeia, as seen in words like ""swish,"" ""beep,"" and ""wah,"" which bring the sounds of the bus to life"
"Baa, baa, black sheep.
 Have you any wool ?
 Yes Sir, Yes Sir,
 three bags full.
 One for the Master,
 one for the Dame.
 And one for the little boy,
  who lives down the lane.",light-hearted and cheerful,light-hearted and cheerful,"repetition, as seen in the repeated phrases ""Yes Sir, Yes Sir,"" which creates a rhythmic quality suitable for a nursery rhyme"
"Jack and Jill went up the hill
 to fetch a pail of water.
 Jack fell down and broke his crown
 and Jill came tumbling after.",the concept of adventure and the unpredictable nature of life,lighthearted yet tinged with a sense of mischief and misfortune,"rhyme, which creates a musical quality, and alliteration with the repetition of consonant sounds, enhancing the rhythm of the poem"
"Humpty Dumpty sat on a wall.
 Humpty Dumpty had a great fall.
 All the King’s horses
 and all the King’s men,
 couldn’t put Humpty together again.",the fragility of life and the impossibility of restoring something once it is broken,melancholic and poignant,"rhyme, demonstrated through the structured couplets (e"
"Incy,wincey spider,
 climbed up the water spout.
 Down came the rain,
 and washed the spider out.
 Out came the sunshine
 and dried up all the rain.
 So Incy, wincey spider
 climbed up the spout again.",both playful and uplifting,both playful and uplifting,"rhyme, which creates a musical quality, and personification, as the spider is given human-like agency and determination"
"I’m a little teapot short and stout. Here’s my handle, here’s my spout. When I see the teacups hear me shout, tip me up and pour me out.",lighthearted and cheerful,lighthearted and cheerful,"rhyme, which creates a musical quality, and personification, as the teapot is given human-like qualities such as the ability to shout and be poured"
"Hey diddle diddle.
  The cat and the fiddle.
 The cow jumped over the moon.
 The little dog laughed to see such fun.
 And the dish ran away with spoon.",playful and cheerful,playful and cheerful,"rhythm and rhyme, which contribute to its sing-song quality, as well as personification, as animals are given human-like behaviors and emotions"
"Hickory Dickory Dock.
 The mouse ran up the clock.
 The clock struck one,
 the mouse ran down.
 Hickory Dickory Dock.
 The clock struck two, the mouse said boo.
 The clock struck three, the mouse said whee.
 The clock struck four, the man ran out of the door.",playful curiosity and the passage of time,light-hearted and whimsical,"rhyme and rhythm, which create a musical quality that makes it easy to remember and recite"
"1,2,3,4,5 once I caught a fish alive.
 6,7,8,9,10 then I let it go again.
 Why did you let it go?
 Because it bit my finger so.
 Which finger did it bite?
 This little finger on my right.",lighthearted and whimsical,lighthearted and whimsical,"repetition, which emphasizes the counting rhythm, and rhyme, which creates a musical quality that enhances the playful tone"
"Row, row, row your boat,
 gently down the stream.
 Merrily, merrily, merrily, merrily,
 life is but a dream",light-hearted and carefree,light-hearted and carefree,"repetition, which reinforces the poem's rhythmic quality and cheerfulness, and metaphor, particularly in the line ""life is but a dream,"" which suggests that existence is ephemeral and can be viewed as a fleeting journey"
"Pat-a-cake, pat-a-cake, baker’s man.
 Bake me a cake as fast as you can.
 Pat it and roll it and mark it with “B”.
 And put it in the oven for Baby and me.",nursery rhyme centers around the simple,playful and lighthearted,"repetition, found in the rhythmic phrasing of ""pat-a-cake,"" which creates a musical quality that enhances memorability"
"1, 2, 3, 4, 5, Once I Caught a Fish Alive
 One, Two, Three, Four, Five,
 

 Once I caught a fish alive,
 

 Six, Seven, Eight, Nine, Ten,
 

 Then I threw him back again.
 

 Why did you let him go?
 

 Because he bit my finger so.
 

 Which finger did he bite?
 

 This little finger on my right.",lighthearted and whimsical,lighthearted and whimsical,"repetition, as seen through the counting sequence, which fosters a rhythmic quality"
"Alice the camel has five humps.
 Alice the camel has five humps.
 Alice the camel has five humps.
 So go, Alice, go.
 Boom, boom, boom, boom!
 

 Alice the camel has four humps.
 Alice the camel has four humps.
 Alice the camel has four humps.
 So go, Alice, go.
 Boom, boom, boom, boom!
 

 Alice the camel has three humps.
 Alice the camel has three humps.
 Alice the camel has three humps.
 So go, Alice, go.
 Boom, boom, boom, boom!
 

 Alice the camel has two humps.
 Alice the camel has two humps.
 Alice the camel has two humps.
 So go, Alice, go.
 Boom, boom, boom, boom!
 

 Alice the camel has one hump.
 Alice the camel has one hump.
 Alice the camel has one hump.
 So go, Alice, go.
 Boom, boom, boom, boom!
 

 Alice the camel has no humps.
 Alice the camel has no humps.
 Alice the camel has no humps.
 Because Alice is a horse,
 Alice is a horse! of course!",revealed to be a horse,light-hearted and humorous,"repetition, as seen in the repeated lines about Alice's humps, which reinforces the countdown structure and engages readers"
"Baa, baa, black sheep
 Have you any wool?
 Yes sir, yes sir, three bags full.
 One for the master,
 And one for the dame,
 And one for the little boy
 Who lives down the lane.",the relationship between a shepherd (the sheep) and the various figures in the community,playful and light-hearted,"repetition, as seen in the phrase ""yes sir, yes sir,"" which emphasizes the friendly exchange and becomes a memorable refrain"
"Said the centipede,
 As he gave a little squirm:
  “Has anybody seen a leg O'mine? If it can't be found, 
 I'll have to hop around, On the other ninety-nine.""
 ""Hop around, hop around, 
 On the other ninety-nine;
 If it can't be found,
 I'll have to hop around, 
 On the other ninety-nine."";",the centipede's humorous concern over losing one of its legs,playful and whimsical,"repetition, particularly in the refrain ""hop around, hop around, On the other ninety-nine,"" which emphasizes the centipede's plight and adds a rhythmic quality to the poem"
"Cobbler, cobbler mend my shoe,
 Get it done by half-past two,
 Stitch it up and stitch it down,
 Then I’ll walk around the town.
 Cobbler, cobbler mend my boot,
 Mend it well to fit my foot,
 Stitch it up and stitch it down,
 Then I’ll walk around the town.
 Cobbler, cobbler buckle my shoe,
 Get it done by half-past two,
 Stitch it up and stitch it down,
 Then I’ll walk around the town.
 Cobbler, cobbler lace my shoe,
 Get it done by half-past two,
 Stitch it up and stitch it down,
 Then I’ll walk around the town.",one of reliance on craftsmanship and the routine tasks of everyday life,unknown,"repetition, as the phrase ""stitch it up and stitch it down"" recurs throughout, reinforcing the speaker's desire for thorough repair"
"When all the cows were sleeping
 And the sun had gone to bed
 Up jumped the scarecrow
 And this is what he said
 I'm a dingle, dangle scarecrow
 With a flippy, floppy hat
 I can shake my hands like this
 I can shake my feet like that
 When all the hens were roosting
 And the moon behind a cloud
 Up jumped the scarecrow
 And shouted very loud
 I'm a dingle, dangle scarecrow
 With a flippy, floppy hat
 I can shake my hands like this
 I can shake my feet like that
 I'm a dingle, dangle scarecrow
 With a flippy, floppy hat
 I can shake my hands like this
 I can shake my feet like that",joy and the playful spirit of the scarecrow,light-hearted and whimsical,"repetition, as seen in the refrain ""I'm a dingle, dangle scarecrow"" and ""With a flippy, floppy hat,"" which reinforces the playful tone and rhythm of the poem"
"Doctor Foster went to Gloucester, In a shower of rain; He stepped in a puddle, Right up to his middle, And never went there again.",the consequences of a simple mistake and the decision to avoid that place in the future due to the embarrassing experience,unknown,unknown
"Five little ducks went swimming one day
 Over the hill and far away
 Mother duck said, “Quack quack quack quack”
 And only four little ducks came back!
 

 Four little ducks went swimming one day
 Over the hill and far away
 Mother duck said, “Quack quack quack quack”
 And only three little ducks came back!
 

 Three little ducks went swimming one day
 Over the hill and far away
 Mother duck said, “Quack quack quack quack”
 And only two little ducks came back!
 

 Two little ducks went swimming one day
 Over the hill and far away.
 Mother duck said, “Quack quack quack quack”
 And only one little duck came back!
 

 One little duck went swimming one day
 Over the hill and far away
 Mother duck said, “Quack quack quack quack”
 And all her five little ducks came back!",the journey and adventures of young ducks,unknown,repetition and rhyme
"Five little men in a flying saucer,
 Flew round the Earth one day,
 They looked left and right but they didn’t like the sight,
 So one man flew away.
 Four little men in a flying saucer,
 Flew round the Earth one day,
 They looked left and right but they didn’t like the sight,
 So one man flew away.
 Three little men in a flying saucer,
 Flew round the Earth one day,
 They looked left and right but they didn’t like the sight,
 So one man flew away.
 Two little men in a flying saucer,
 Flew round the Earth one day,
 They looked left and right but they didn’t like the sight,
 So one man flew away.
 One little man in a flying saucer,
 Flew round the Earth one day,
 He looked left and right but he didn’t like the sight,
 So one man flew away.",light-hearted and playful,light-hearted and playful,"repetition, as the structure mirrors itself with the decreasing number of men in each stanza, emphasizing their collective decision to leave each time they are displeased"
"Five little monkeys swinging in a tree.
 Teasing Mr Crocodile...
 Along comes Mr Crocodile, as quiet as can be... SNAP!
 Four little monkeys swinging in a tree. Teasing Mr Crocodile...
 Along comes Mr Crocodile, as quiet as can be... Three little monkeys swinging in a tree. Teasing Mr Crocodile...
 Along comes Mr Crocodile, as quiet as can be... Two little monkeys swinging in a tree. Teasing Mr Crocodile...
 Along comes Mr Crocodile, as quiet as can be... SNAP!
 One little monkey swinging in a tree.
 Away swims Mr Crocodile, as full as he can be!",unknown,unknown,"repetition, particularly in the structured countdown of monkeys, which emphasizes the gradual reduction in their number and adds a rhythmic quality to the poem"
"Five little speckled frogs Sat on a great big log...
 Eating some most delicious bugs
 ""YUM YUM!""
 One jumped into the pool Where it was nice and cool...
 Now there are four speckled frogs
 ""GLUB GLUB!""
 Four little speckled frogs Sat on a great big log... Eating some most delicious bugs
 ""YUM YUM!""
 One jumped into the pool Where it was nice and cool...
 Now there are three speckled frogs
 ""GLUB GLUB!""
 Three little speckled frogs Sat on a great big log...
 One jumped into the pool Where it was nice and cool...
 Now there are two speckled frogs
 ""GLUB GLUB!""
 Two little speckled frogs Sat on a great big log... Eating some most delicious bugs
 ""YUM YUM!""
 One jumped into the pool Where it was nice and cool... Now there is one speckled frog
 ""GLUB GLUB!""
 One little speckled frog
 Sat on a great big log...
 Eating some most delicious bugs
 ""YUM YUM!""
 It jumped into the pool Where it was nice and cool... Now there are no more",the simple pleasures of nature and the playful essence of childhood,unknown,repetition and onomatopoeia
"Fuzzy Wuzzy, Creepy Crawly
 Fuzzy wuzzy, creepy crawly, Caterpillar funny.
 You will be a butterfly,
 When the days are sunny.
 Winging, flinging, dancing,
 springing,
 Butterfly so yellow.
 You were once a caterpillar,
 Wiggly, wiggly fellow.",playful and whimsical,playful and whimsical,"rhyme, as seen in the playful couplets, and alliteration with phrases like ""Fuzzy Wuzzy"" and ""wiggly, wiggly"
"Fuzzy Wuzzy, Creepy Crawly
 Fuzzy wuzzy, creepy crawly, Caterpillar funny.
 You will be a butterfly,
 When the days are sunny.
 Winging, flinging, dancing,
 springing,
 Butterfly so yellow.
 You were once a caterpillar,
 Wiggly, wiggly fellow.",playful and whimsical,playful and whimsical,"rhyme with a consistent ABAB pattern, which adds a musical quality to the poem, and repetition with the use of phrases like ""fuzzy wuzzy"" and ""wiggly, wiggly,"" enhancing its childlike charm"
"Here is the beehive,
 where are the bees?
 Hidden away where nobody sees. Watch and you'll see them come out of the hive,
 One, two, three, four, five! Bzzzzzzzzzzzzzzzzz!",nature and curiosity,light-hearted and joyful,"vivid imagery, which allows the reader to visualize the beehive and the activity within it, and aural elements, such as onomatopoeia, captured in the buzzing sound that conveys the liveliness of the bees"
"Hey diddle diddle, the cat and the fiddle. The cow jumped over the moon. The little dog laughed to see such fun, And the dish ran away with the spoon!",whimsicality and the joy of childhood imagination,unknown,"rhyme and rhythm, which create a musical quality that enhances its playful nature"
"Hickory Dickory Dock... the mouse ran up the clock. The clock struck one...
 the mouse ran down.
 Hickory Dickory Dock.",unknown,unknown,"repetition, which emphasizes the cyclical nature of the mouse's actions, and rhyme, which enhances the musical quality of the poem, making it memorable and engaging for children"
"Horsie, Horsie
 Don't you stop
 Just let your feet go clippety clop Your tail goes swish
 And the wheels go round
 Giddy Up! We're homeward bound",lighthearted and whimsical,lighthearted and whimsical,"rhyme, which creates a musical quality, as well as onomatopoeia with phrases like ""clippety clop"" and ""swish,"" enhancing the auditory imagery of the horse's movements"
"Hot cross buns!
 Hot cross buns!
 One a penny...
 Two a penny...
 Hot cross buns!
 If you have no daughters,
 give them to your sons.
 One a penny...
 Two a penny...
 Hot cross buns!",lighthearted and playful,lighthearted and playful,"repetition, as seen in the recurring phrases ""Hot cross buns!"" and ""One a penny"
"Humpty Dumpty sat on a wall. Humpty Dumpty had a great
 fall.
 All the King's horses and all the
 King's men...
 Couldn't put Humpty together again.",somber,somber,"alliteration in phrases like ""Humpty Dumpty,"" as well as a simple rhyme scheme that enhances its memorability"
"Incy wincy spider Climbed up the water spout Down came the rain
 And washed poor Incy out. Out came the sun
 And dried up all the rain
 And Incy Wincy spider Climbed up the spout again.",resilience and perseverance in the face of adversity,unknown,"repetition, which emphasizes the spider's struggle and determination, and personification, as the spider is portrayed with human-like qualities of persistence"
"Sing to the tune of Twinkle, Twinkle Little Star
 Lady birds and butterflies,
 Buzzing bees up in the sky. Teeny, tiny little ants,
 Crawling up and down the plants. Many insects can be found,
 In the sky and on the ground.",light and cheerful,light and cheerful,"rhythm and repetition, as the poem is structured to mimic the tune of ""Twinkle, Twinkle Little Star,"" which enhances its sing-song quality"
"Jack and Jill went up the hill to fetch a pail of water.
 Jack fell down and broke his crown, and Jill came tumbling after.
 Up Jack got, and home did trot, as fast as he could caper.
 He went to bed and bound his head, with vinegar and brown paper.",unknown,light and playful,"rhyme and rhythm, which create a musical quality that is engaging for children"
"Kookaburra sits on the old gum tree, Merry merry king of the bush is he. Laugh, Kookaburra, laugh, Kookaburra,
 Gay your life must be!
 Kookaburra sits in the old gum tree Eating all the gumdrops he can see Stop, Kookaburra, Stop, Kookaburra Leave some there for me.
 Kookaburra sits in the old gum tree, Counting all the monkeys he can see Stop, Kookaburra, Stop, Kookaburra, That's no monkey, that's me.",joy and the simplicity of life in the bush,lighthearted and playful,"the use of rhyme, evident in the phrases that follow a consistent pattern, and personification, as the kookaburra is portrayed with human-like characteristics, such as being a ""king"" and being involved in playful interactions"
"Ladybird, ladybird fly away home,
 Your house is on fire and your children are gone, All except one,
 And her name is Ann, And she hid under the baking pan.",destroyed by fire,somber and slightly whimsical,"personification, as the ladybird is given human-like qualities, and a rhyme scheme that contributes to a sing-song quality, which juxtaposes the serious subject matter with a playful tone"
"Little Bo Peep has lost her sheep, and doesn't know
 where to find them.
 Leave them alone and they'll
 come home, wagging their
 tails behind them.",nursery rhyme revolves around the idea of loss and the hope of reunion,unknown,"repetition in the phrase ""lost her sheep,"" which emphasizes Bo Peep's predicament, and imagery in ""wagging their tails behind them,"" which evokes a sense of warmth and joy associated with the return of the sheep"
"Little Jack Horner
 sat in a corner,
 eating his Christmas pie.
 He put in his thumb and pulled out a plum
 and said,
 ""What a good boy am I!"";",pride and self-satisfaction,light-hearted and playful,"rhyme, through the consistent AABB pattern, which creates a rhythmic quality, and irony, as Jack's boastful declaration contrasts with the simplicity of his action, highlighting a humorous exaggeration of self-importance"
"Little Miss Muffet, sat on a tuffet,
 eating her curds and whey.
 Along came a spider,
 who sat down beside her,
 and frightened Miss Muffet away!",fear and the innocence of childhood,lighthearted,"rhyme and rhythm, which create a sing-song quality that makes the poem memorable"
"London Bridge is falling down,
 Falling down, falling down,
 London Bridge is falling down,
 My fair Lady. 
 

 Build it up with wood and clay,
 Wood and clay, wood and clay,
 Build it up with wood and clay,
 My fair Lady. 
 

 Wood and clay will wash away,
 Wash away, wash away,
 Wood and clay will wash away,
 My fair Lady.  
 

 Build it up with bricks and mortar,
 Bricks and mortar, bricks and mortar,
 Build it up with bricks and mortar,
 My fair Lady. 
 

 Bricks and mortar will not stay,
 Will not stay, will not stay,
 Bricks and mortar will not stay, 
 My fair Lady. 
 

  Build it up with iron and steel,
 Iron and steel, iron and steel,
 Build it up with iron and steel,
 My fair Lady. 
 

 Iron and steel will bend and bow,
 Bend and bow, bend and bow,
 Iron and steel will bend and bow,
 My fair Lady. 
 

 Build it up with silver and gold,
 Silver and gold, silver and gold,
 Build it up with silver and gold,
 My fair Lady. 
 

 Silver and gold will be stolen away,
 Stolen away, stolen away,
 Silver and gold will be stolen away,
 My fair Lady. 
 

 Set a man to watch all nigh,
 Watch all night, watch all night,
 Set a man to watch all night,
 My fair Lady.  
 

 Suppose the man should fall asleep,
 Fall asleep, fall asleep,
 Suppose the man should fall asleep?
 My fair Lady.  
 

 Give him a pipe to smoke all night,
 Smoke all night, smoke all night,
 Give him a pipe to smoke all night,
 My fair Lady.",unknown,melancholic and slightly whimsical,unknown
"Mary, Mary, quite contrary, how does your garden grow? With silver bells
 and cockle shells and
 pretty maids all in a row.",light-hearted and curious,unknown,"rhyme and rhythm, which contribute to its sing-song quality, making it memorable and engaging"
"Miss Polly had a dolly, who was sick, sick, sick. So she phoned for the doctor to be quick, quick, quick. The doctor came with his bag and his hat.
 And he knocked at the door, with a rat-a-tat-tat.
 He looked at the dolly and he shook his head.
 And he said, ""Miss Polly, put her straight to bed.""
 He wrote out a paper for a pill, pill, pill. ""I'll be back in the
 morning with the bill, bill, bill.”",lighthearted and whimsical,lighthearted and whimsical,"repetition, seen in phrases like ""sick, sick, sick"" and ""quick, quick, quick,"" which emphasize urgency and the doll's condition while contributing to a rhythmic quality"
"Monday's child is fair of face.
 Tuesday's child is full of grace. Wednesday's child is full of woe. Thursday's child has far to go.
 Friday's child is loving and giving. Saturday's child works hard for a living. And the child that is born on Sunday is
 bonny, blithe, good and gay.",the idea of fate and the qualities that shape individuals based on their day of birth,light and whimsical,alliteration (e
"Old King Cole was a merry old soul And a merry old soul was he
 He called for his pipe and he called for his bowl And he called for his fiddlers three. Now every fiddler had a fine fiddle and a very fine fiddle had he
 Fiddle iddle iddle iddle ee went the fiddlers Fiddle iddle ee fiddle ee
 There's none so rare as can compare As King Cole and his fiddlers three Old King Cole was a merry old soul And a merry old soul was he
 He called for his pipe and he called for his bowl And he called for his drummers three. Now every drummer had a fine drum and a very fine drum had he
 Rum diddy dum diddy dum went the drummers Fiddle iddle iddle iddle ee went the fiddlers Fiddle iddle ee fiddle
 There's none so rare as can compare As King Cole and his fiddlers three
 Old King Cole was a merry old soul And a merry old soul was he
 He called for his pipe and he called for his bowl And he called for his pipers three.
 Now every piper had a fine pipe and a very fine pipe had he Root tiddy toot tiddy toot went the pipers Rum diddy dum diddy dum went the drummers Fiddle iddle iddle iddle ee went the fiddlers Fiddle iddle ee fiddle ee
 There's none so rare as can compare As King Cole and his fiddlers three",happiness,whimsical and cheerful,"repetition, which contributes to the poem's rhythmic quality, and internal rhyme that adds musicality"
"Old MacDonald had a farm 
 E-I-E-I-O 
 And on his farm he had a cow 
 E-I-E-I-O 
 With a moo moo here 
 And a moo moo there 
 Here a moo, there a moo 
 Everywhere a moo moo
 Old MacDonald had a farm 
 E-I-E-I-O 
 

 Old MacDonald had a farm 
 E-I-E-I-O 
 And on his farm he had a pig 
 E-I-E-I-O 
 With an oink oink here 
 And an oink oink there 
 Here an oink, there an oink
 Everywhere an oink oink 
 Old MacDonald had a farm 
 E-I-E-I-O 
 

 Old MacDonald had a farm 
 E-I-E-I-O 
 And on his farm he had a duck 
 E-I-E-I-O 
 With a quack quack here 
 And a quack quack there 
 Here a quack, there a quack 
 Everywhere a quack quack 
 Old MacDonald had a farm 
 E-I-E-I-O 
 

 Old MacDonald had a farm 
 E-I-E-I-O 
 And on his farm he had a horse 
 E-I-E-I-O 
 With a neigh neigh here 
 And a neigh neigh there 
 Here a neigh, there a neigh 
 Everywhere a neigh neigh 
 Old MacDonald had a farm 
 E-I-E-I-O 
 

 Old MacDonald had a farm 
 E-I-E-I-O  
 And on his farm he had a lamb E-I-E-I-O 
 With a baa baa here 
 And a baa baa there 
 Here a baa, there a baa 
 Everywhere a baa baa 
 Old MacDonald had a farm 
 E-I-E-I-O 
 

 Old MacDonald had a farm 
 E-I-E-I-O 
 And on his farm he had some chickens 
 E-I-E-I-O 
 With a cluck cluck here 
 And a cluck cluck there 
 Here a cluck, there a cluck 
 Everywhere a cluck cluck 
 With a baa baa here 
 And a baa baa there 
 Here a baa, there a baa 
 Everywhere a baa baa 
 With a neigh neigh here 
 And a neigh neigh there 
 Here a neigh, there a neigh 
 Everywhere a neigh neigh 
 With a quack quack here 
 And a quack quack there 
 Here a quack, there a quack 
 Everywhere a quack quack 
 With an oink oink here 
 And an oink oink there 
 Here an oink, there an oink 
 Everywhere an oink oink 
 With a moo moo here
 And a moo moo there 
 Here a moo, there a moo 
 Everywhere a moo moo 
 

 Old MacDonald had a farm 
 E-I-E-I-OOOOOOO………",light-hearted and cheerful,light-hearted and cheerful,"repetition, which reinforces the rhythm and makes it catchy and memorable, perfect for sing-along purposes"
"One elephant went out to play, Upon a spiders web one day. He had such enormous fun,
 That he called for another elephant to come!
 Two elephants went out to play,
 Upon a spiders web one day.
 They had such enormous fun, That they called for another elephant to come! Three elephants went out to play, Upon a spiders web one day.
 They had such enormous fun,
 That they called for another elephant to come! Four elephants went out to play, Upon a spiders web one day.
 They had such enormous fun,
 That they called for another elephant to come! Five elephants went out to play,
 Upon a spiders web one day.
 The web went creak, the web went crack, And all of a sudden they all ran back!",light-hearted and whimsical,light-hearted and whimsical,unknown
"Oranges and lemons
 Say the bells of St. Clement's
 You owe me five farthings
 Say the bells of St. Martin's
 When will you pay me?
 Say the bells of Old Bailey
 When I grow rich
 Say the bells of Shoreditch
 And when will that be?
 Say the bells of Stepney
 Oh, I do not know
 Say the great bells of Bow
 Here comes a candle
 To light you to bed
 And here comes a chopper
 To chop off your head
 Oranges and lemons
 Say the bells of St. Clement's
 You owe me five farthings
 Say the bells of St. Martin's
 When will you pay me?
 Say the bells of Old Bailey
 When I grow rich
 Say the bells of Shoreditch
 And when will that be?
 Say the bells of Stepney
 I do not know
 Say the great bells of Bow
 Here comes a candle
 To light you to bed
 And here comes a chopper
 To chop off your head",unknown,unknown,"alliteration, as seen in ""candle to light you to bed,"" and the use of dialogue-like structure that creates a sense of interaction with the bells as if they are characters in a conversation"
"Pat-a-cake, pat-a-cake baker's man
 Bake me a cake as fast as you can
 Pat it and prick it and mark it with ""B""
 Put it in the oven for baby and me",light-hearted and whimsical,light-hearted and whimsical,"alliteration, as seen in phrases like ""pat-a-cake"" and ""baker's man,"" which create a rhythmic quality"
"Polly, put the kettle on,
 Polly, put the kettle on, Polly, put the kettle on, We'll all have tea.
 Sukey, take it off again,
 Sukey, take it off again,
 Sukey, take it off again,
 They've all gone away.
 Polly, put the kettle on,
 Polly, put the kettle on,
 Polly, put the kettle on, We'll all have tea.
 Blow the fire and make the toast, Put the muffins on to roast, Blow the fire and make the toast, We'll all have tea.
 Polly, put the kettle on,
 Polly, put the kettle on,
 Polly, put the kettle on, We'll all have tea.
 Sukey, take it off again,
 Sukey, take it off again,
 Sukey, take it off again,
 They've all gone away.",light-hearted and cheerful,light-hearted and cheerful,"repetition, which reinforces the main actions and creates a musical quality, inviting readers to participate in the rhythm"
"Pussy cat, pussy cat,
 

 Where have you been?
 

 ""I've been to London to
 

 Look at the Queen.""
 

 

 Pussy cat, pussy cat,
 

 What did you there?
 

 ""I frightened a little mouse
 

 Under the chair.""",the whimsical and curious nature of the cat's journey,unknown,"repetition, as seen in the phrase ""Pussy cat, pussy cat,"" which creates a rhythmic and engaging quality, and dialogue that adds a conversational tone"
"Ride a cock-horse to Banbury Cross,
 

 To see a fine lady upon a white horse;
 

 Rings on her fingers and bells on her toes,
 

 And she shall have music wherever she goes.",light and joyful,light and joyful,"rhyme, which creates a musical quality, and vivid imagery, as seen in the depiction of the lady adorned with rings and bells"
"Round and round the garden,
 Like a teddy bear.
 One step, two step,
 A tickle under there!",unknown,unknown,"repetition, as seen in the ""Round and round"" and ""One step, two step,"" which enhances the rhythmic quality of the poem"
"Row, row, row your boat, Gently down the stream.
 Merrily, merrily, merrily, merrily, Life is but a dream.",the simplicity and fleeting nature of life,lighthearted and whimsical,"repetition, as seen with the word ""merrily,"" which emphasizes the joyfulness of the experience, and the metaphor of rowing a boat to symbolize navigating through life's journey"
"Ring o ring o roses
 A pocketful of posies
 A-tishoo!
 A-tishoo!
 We all fall down",playful and light-hearted at the beginning,playful and light-hearted at the beginning,"repetition, as seen in the refrain ""A-tishoo! A-tishoo!"" which adds a musical quality and creates a sense of rhythm"
"Shoo, fly, don't bother me,
 c, don't bother me,
 Shoo, fly, don&'t bother me,
 For I belong to somebody.
 I feel, I feel,
 I feel like a morning star. I feel, I feel,
 I feel like a morning star.",the desire for personal space and the assertion of one's identity within relationships,playful yet assertive,"repetition, as seen in the refrain ""Shoo, fly, don't bother me,"" which emphasizes the speaker's insistence on having their own space"
"Ten green bottles hanging on the wall,
 Ten green bottles hanging on the wall,
 And if one green bottle should accidentally fall,
 There’ll be nine green bottles hanging on the wall.
 

 Nine green bottles hanging on the wall,
 Nine green bottles hanging on the wall,
 And if one green bottle should accidentally fall,
 There’ll be eight green bottles hanging on the wall.
 

 Eight green bottles hanging on the wall,
 Eight green bottles hanging on the wall,
 And if one green bottle should accidentally fall,
 There’ll be seven green bottles hanging on the wall.
 

 Seven green bottles hanging on the wall,
 Seven green bottles hanging on the wall,
 And if one green bottle should accidentally fall,
 There’ll be six green bottles hanging on the wall.
 

 Six green bottles hanging on the wall,
 Six green bottles hanging on the wall,
 And if one green bottle should accidentally fall,
 There’ll be five green bottles hanging on the wall.
 

 Five green bottles hanging on the wall,
 Five green bottles hanging on the wall,
 And if one green bottle should accidentally fall,
 There’ll be four green bottles hanging on the wall.",counting and the concept of loss through repetition,unknown,"repetition, as the lines are structured similarly with each decreasing number; rhyme, as the poem maintains a consistent rhyme scheme that enhances its musicality; and imagery, which helps to visualize the bottles on the wall"
"There were ten in the bed
 And the little one said, ""Roll over, roll over""
 So they all rolled over and one fell out
 There were nine in the bed
 And the little one said, ""Roll over, roll over""
 So they all rolled over and one fell out
 There were eight in the bed
 And the little one said, ""Roll over, roll over""
 So they all rolled over and one fell out
 There were seven in the bed
 And the little one said, ""Roll over, roll over""
 So they all rolled over and one fell out
 There were six in the bed
 And the little one said, ""Roll over, roll over""
 So they all rolled over and one fell out
 There were five in the bed
 And the little one said, ""Roll over, roll over""
 So they all rolled over and one fell out
 There were four in the bed
 And the little one said, ""Roll over, roll over""
 So they all rolled over and one fell out
 There were three in the bed
 And the little one said, ""Roll over, roll over""
 So they all rolled over and one fell out
 There were two in the bed
 And the little one said, ""Roll over, roll over""
 So they all rolled over and one fell out
 There was one in the bed
 And the little one said, ""Goodnight""",lighthearted and whimsical,lighthearted and whimsical,unknown
"The ants go marching one by one, hurrah, hurrah.
 The ants go marching one by one, hurrah, hurrah.
 The ants go marching one by one,
 The little one stops to suck his thumb.
 And they all go marching down,
 To the ground, to get out of the rain.
 BOOM! BOOM! BOOM!
 

 …two…tie her shoe…
 …three….climb a tree…
 …four…shut the door…
 …five…take a dive…
 …six…pick up sticks…
 …seven…pray to heaven…
 …eight…check the gate…
 …nine…check the time…
 …ten…say “The End!”",the playful and rhythmic journey of ants as they march in an organized manner while engaging in various lighthearted activities,unknown,"repetition, as seen in the refrain about the ants marching, which reinforces the rhythmic and musical quality of the poem"
"Simple Simon met a pieman going to the fair.
 Said Simple Simon to the pieman, ""Let me taste your ware.""
 Said the pieman to Simple Simon, &quot;Show me first your penny.&quot; Said Simple Simon to the pieman, &quot;Sir, I have not any.""
 Simple Simon went a-fishing for to catch a whale.
 All the water he had got was in his mother's pail.
 Simple Simon went to look if plums grew on a thistle. He pricked his fingers very much which made poor Simon whistle.
 He went for water in a sieve but soon it all fell through. And now poor Simple Simon bids you all, ""Adieu"";",poem is the whimsical adventures of Simple Simon,light-hearted and playful,repetition (“Said Simple Simon”) that reinforces Simon’s character and captures the rhythm of the poem
"Sing a Song of Sixpence, a pocket full of rye.
 Four and twenty blackbirds, baked in a pie.
 When the pie was opened, the birds began to sing. Wasn't that a dainty dish to set before the king?
 The King was in his counting house, counting out his money.
 The Queen was in the parlour, eating bread and honey.
 The maid was in the garden, hanging out the clothes;
 When down came a blackbird and pecked off her nose!",playful whimsy and the unexpected,jovial and humorous,"rhyme and rhythm, which create a sing-song quality typical of nursery rhymes"
"Oh the Grand Old Duke of York,
 he had ten thousand men.
 He marched them up to the top of the hill, and he marched them down again.
 And when they were up, they were up. And when they were down, they were down. And when they were only half way up, they were neither up nor down.",the futility and absurdity of military drills,lighthearted and humorous,"repetition in the phrases ""up"" and ""down,"" which creates a rhythmic quality, as well as a playful use of paradox in the phrase ""neither up nor down,"" contributing to the poem's whimsical tone"
"Oh, do you know the muffin man, The muffin man, the muffin man, Oh, do you know the muffin man, That lives on Drury Lane?
 Oh, yes, I know the muffin man, The muffin man, the muffin man, Oh, yes, I know the muffin man, That lives on Drury Lane.",unknown,unknown,"repetition, which emphasizes the friendly inquiry, and rhyme, which contributes to the rhythm and musicality of the piece"
"The Queen of Hearts, she made some tarts, all on a summers
 day.
 The Knave of Hearts, he stole the tarts, and took them clean
 away.
 The King of Hearts, called for the tarts, and scolded the Knave full bore.
 The Knave of Hearts, brought back the tarts, and vowed he'd steal no more.",themes of justice and consequence,playful and lighthearted,"rhyme and repetition, as seen in the consistent AABB rhyme scheme, which contributes to its musical quality"
"The wheels on the bus go round and round, round and round, round and round. The
 wheels on the bus go round and round, all day long.
 The wipers on the bus go swish, swish, swish, swish, swish, swish, swish, swish, swish. The wipers on the bus go swish, swish, swish, all day long.
 The horn on the bus goes beep, beep, beep, beep, beep, beep, beep, beep, beep. The horn on the bus goes beep, beep, beep, all day long.
 The money on the bus goes clink, clink, clink, clink, clink, clink, clink, clink, clink. The money on the bus goes clink, clink, clink, all day long.
 The bell on the bus goes ding, ding, ding, ding, ding, ding, ding, ding, ding. The bell on the bus goes ding, ding, ding, all day long.
 The driver on the bus says ""Move on back, move on back, move on back."" The driver on the bus says ""Move on back"" all day long.
 The doors on the bus go open and shut, open and shut, open and shut. The doors on the bus go open and shut, all day long.
 The people on the bus go chitter and chatter, chitter and chatter, chitter and chatter. The people on the bus go chitter and chatter, all day long.
 The baby on the bus goes ""Wah, wah, wah, wah, wah, wah, wah, wah, wah"" The baby on the bus goes ""Wah, wah, wah"" all day long.
 The mummy on the bus says ""shush, shush, shush, shush, shush, shush, shush, shush,
 shush"" The mummy on the bus says ""shush, shush, shush"" all day long. The kids on the bus make too much noise, too much noise, too much noise. The kids on
 the bus make too much noise, all day long.",playful and lively,playful and lively,"repetition and rhyme, which create a musical quality that engages young readers and listeners"
"There was an old lady who swallowed a fly I don't know why she swallowed a fly - perhaps she'll die! There was an old lady who swallowed a spider, That wriggled and wiggled and tiggled inside her; She swallowed the spider to catch the fly;
 I don't know why she swallowed a fly - perhaps she'll die! There was an old lady who swallowed a bird;
 How absurd to swallow a bird.
 She swallowed the bird to catch the spider,
 She swallowed the spider to catch the fly;
 I don't know why she swallowed a fly - perhaps she'll die! There was an old lady who swallowed a cat;
 Fancy that to swallow a cat!
 She swallowed the cat to catch the bird, She swallowed the bird to catch the spider,
 She swallowed the spider to catch the fly;
 I don't know why she swallowed a fly - perhaps she'll die! There was an old lady that swallowed a dog; What a hog, to swallow a dog;
 She swallowed the dog to catch the cat, She swallowed the cat to catch the bird, She swallowed the bird to catch the spider, She swallowed the spider to catch the fly; I don't know why she swallowed a fly - perhaps she'll die! There was an old lady who swallowed a cow, I don't know how she swallowed a cow; She swallowed the cow to catch the dog, She swallowed the dog to catch the cat, She swallowed the cat to catch the bird, She swallowed the bird to catch the spider,
 She swallowed the spider to catch the fly;
 I don't know why she swallowed a fly - perhaps she'll die! There was an old lady who swallowed a horse... She's dead, of course!",the consequences of her increasingly irrational actions,playful and lighthearted,"repetition, particularly the refrain ""I don't know why she swallowed a fly - perhaps she'll die,"" which reinforces the whimsical tone and builds a rhythmic pattern that makes the poem memorable"
"Ding, dong, bell,
 Pussy’s in the well.
 Who put her in?
 Little Tommy Thin.
 

 Who pulled her out?
 Little Johnny Stout.
 What a naughty boy was that,
 To drown poor pussy cat",light-hearted and whimsical,light-hearted and whimsical,"rhyme and rhythm, which create a catchy and memorable flow to the verses"
"Jack and Jill,
 Went up the hill,
 To fetch
 Qa pail of water.
 

 Jack fell down,
 And broke his crown,
 And Jill came
 tumbling after.",unknown,light-hearted and playful,"rhyme, as seen in the repetitive ""hill"" with ""water"" and ""crown"" with ""after,"" which adds a musical quality to the poem"
"Twinkle, Twinkle, little star,
 How I wonder what*you are!
 

 Up above the world so high,
 Like a diamond in the sky!
 

 Twinkle, Twinkle, little star,
 How I wonder what you are!",whimsical and reflective,whimsical and reflective,"simile, as the star is compared to ""a diamond in the sky,"" which enhances the imagery and emphasizes the star's brightness and beauty"
"Humpty Dumpty
 Sat on a wall,
 

 Humpty Dumpty
 Had a great fall.
 

 All the king’s horses,
 And all the King’s men,
 Couldn't put Humpty Dumpty
 

 Together again.",one of melancholy and resignation,one of melancholy and resignation,"repetition (with the name ""Humpty Dumpty"" and the phrase ""all the king's""), which emphasizes his identity and the collective effort that ultimately proves unsuccessful, and rhythm, which gives the poem a nursery rhyme quality that resonates with childhood innocence while hinting at deeper, more somber undertones"
"Rain, rain,go away.
 Come again,another day;
 Little Johnny wants to play,
 

 Rain,rain, go away.",light and playful,light and playful,"repetition (""rain, rain, go away"") which emphasizes the speaker's plea and creates a rhythmic quality, and personification, as rain is treated as if it can be requested to leave"
"Tang, tang, tang.
 Listen to my trumpet,
 Toot, toot, toot.
 

 Listen to my tambourine,
 

 Shoo, shoo, shoo.",unknown,unknown,"repetition and alliteration, which enhance the musical quality and emphasize the joy of sound"
"Ten little fingers,
 Ten little toes:
 Two little ears,
 And one little nose.
 

 Two little eyes,
 That shine so bright:
 And one little mouth,
 To kiss Mummye' Good night”.",the simplicity and wonder of a child's existence,warm and affectionate,"repetition, which reinforces the simplicity and completeness of the child's body, and the use of rhyme, creating a musical and rhythmic quality that enhances the reading experience"
"Hands are meant for working,
 Hands are meant for play,
 Hands are used a hundred times,
 Every single day.
 

 Hands get very dirty,
 

 As everyone can tell, ov
 So don't forget before you eat, wv ;
 

 Be sure, to wash them we",the multifaceted use of hands and the necessity of hygiene,unknown,"repetition, as seen in the phrasing of ""Hands are meant,"" which reinforces the central idea, and a conversational tone that engages readers in a straightforward message about cleanliness"
"Hot cross buns!
 Hot cross buns!
 

 One a penny, two a penny,
 Hot cross buns!
 

 If you have no daughters,
 Give them to your sons.
 One a penny, two a penny,
 Hot cross buns!",unknown,unknown,"repetition, which emphasizes the joy and excitement surrounding the hot cross buns, and rhyme, which adds a musical quality appropriate for a children’s song"
"Pat-a-cake, Pat-a-cake,
 Baker’s man,
 Bake me a cake,
 

 As fast as you can.
 

 Pat it and prick if,
 And mark it with T,
 And put it in the oven,
 For Teacher and Me.",poem revolves around the playful and creative act of baking,lighthearted and cheerful,"repetition, with the phrase ""Pat-a-cake"" creating a rhythmic quality that mirrors the act of baking"
"Polly put the Kettle on,
 Kettle on, Kettle on,
 Polly put the Kettle on,
 We'll all have tea.
 

 Sukey take it off again,
 Sukey take it off again,
 Sukey take it offagain,
 They'veeallgone away.",domestic life and the communal joy of sharing a moment with friends over tea,unknown,unknown
"lam a little teapot,
 Short and stout:
 This is.my handle,
 And this is my spout.
 

 When the water's boiling,
 Hear me shout!
 “Pick me up,
 and pour me out”.",the playful personification of a teapot,light-hearted and cheerful,"personification, as the teapot is given human-like characteristics, and repetition, which reinforces the playful tone"
"Peter, Peter, Pumpkin eater:
 Had a wife and couldn't keep her.
 

 He put her in a pumpkin shell:
 And there he kept her very well!",playful yet unsettling,playful yet unsettling,"rhyme and rhythm, which create a sing-song quality typical of traditional nursery rhymes"
"Frisky is my kitten, >) dil,
 She’s very hard to catch: —— |
 And if lam not careful,
 I'm sure to get a scratch!
 

 I put my arms around her,
 But, what do you suppose?
 Frisky simply wriggles
 From her head to her toes.",a relatable experience for many cat owners,light-hearted and playful,"personification, as the kitten is described as ""wriggling"" and having a spirited personality, and the use of rhyme and rhythm that adds a musical quality to the verses"
"Mix a pancake,
 Stir a pancake,
 Pop it in a pan:
 Fry a pancake,
 Toss a pancake,
 Catch it if you can!",poem revolves around the playful and engaging process of making pancakes,cheerful and light-hearted,"repetition, as seen in the lines ""Mix a pancake"" and ""Stir a pancake,"" which create a rhythmic quality"
"What is in a glass of milk?
 Cheeks like roses, Skin like silk:
 Eyes like diamonds,
 

 Teeth like pearls.
 

 Health for growing
 Boys and girls.
 Bodies sturdy, strong and round,
 In a glass of milk are found.",the idea that milk is essential for developing strong and healthy bodies,vibrant and uplifting,unknown
"Slice, slice, the bread looks nice,
 Spread the butter on each slice.
 

 On the top, put jam so sweet,
 Now, it’s nice for us to eat.",the simple pleasures of preparing and enjoying food,lighthearted and cheerful,"rhyme, as evidenced by the repetitive ""slice"" and ""nice"" as well as ""sweet"" and ""eat,"" which contribute to the playful and rhythmic flow of the poem, enhancing its joyful tone"
"One, two,
 Buckle my shoe:
 

 Three, four,
 Shut the door:
 

 Five, Six,
 Pick up sticks:
 

 Seven, eight,
 Lay them, straight:
 

 Nine, ten,
 Avbig fat hen.",childhood experiences and the joy of learning to count through engaging and interactive phrases,lighthearted and whimsical,"rhyme and repetition, which enhance the musical quality of the poem and make it memorable for young readers"
"Here we go round the mulberry bush,
 The mulberry bush, the mulberry bush.
 

 Here we go round the mulberry bush,
 Ona cold and frosty morning.
 

 This is the way, we brush our teeth,
 We brush our teeth, we brush our teeth.
 This is the way, we brush our teeth,
 On a cold and frosty morning.",light-hearted and jovial,light-hearted and jovial,"repetition, which emphasizes the rhythmic nature of the poem and engages the reader, creating a sing-song quality that is characteristic of nursery rhymes"
"Mary had
 a little lamb(3)
 

 Its fleece was white as snow.
 And everywhere that
 Mary went(3)
 The lamb was sure to go.
 

 It followed her to
 school one day(3)
 And that was against*the,rule,
 It made the children
 laughvand play(3)
 To.sée)the lamb at school.",light-hearted and playful,light-hearted and playful,"repetition, particularly with the phrase ""little lamb,"" which emphasizes the lamb's smallness and innocence, and simile, as seen in the line ""Its fleece was white as snow,"" which creates a vivid image of the lamb's purity"
"Three blind mice.(2)
 See how they run! (2)
 They all ran after the farmer's wife:
 Who cut off their tails
 

 With a carving Knife!
 Did you ever see
 Such a thing in your life?
 As three blind mice",the irony of innocence being met with cruelty,playful yet macabre,"the use of rhyme and rhythm, which contribute to a sing-song quality that contrasts sharply with the violent imagery"
"Down by the station,
 Early in the morning,
 See all the trains there,
 4 Standing in a row:
 

 The guard waves his flag now,
 And blows his little whistle:
 Everyone inside now,",the excitement and anticipation of travel,lively and spirited,"simple rhyme and repetition, which create a rhythmic quality and enhance the playful tone of the poem"
"Puff-a-train, puff-a-train,
 Noisy little puff-a-train,
 

 If you are going to the sea,
 Puff-a-train, O, please take me.
 

 Puff-puff-puff, ssh-ssh-ssh, (2)
 Ssh-ssh-ssh-ssh-ssh-ssh.",the excitement and joy of traveling,unknown,"repetition, which reinforces the carefree and energetic tone, and onomatopoeia, as the words imitate the sounds of a train, making the experience more vivid for the reader"
"The cock doth crow,
 To let you Know:
 If you be wise 
 Tis time to rise.",poem centers around the idea of waking up and embracing the day,one of encouragement and practicality,"rhyme, as seen in the repetition of the ""-ow"" and ""-ise"" sounds, which creates a playful and musical quality"
"OH! LOOK AT THE MOON JM
 Shei is a sed ve ‘he re,
 she lool
 Like a amp in he air",one of wonder and enchantment,one of wonder and enchantment,unknown
"Teddy Bear, Teddy Bear,
 Turn around.
 Teddy Bear, Teddy Bear,
 Touch the ground.
 Teddy Bear, Teddy Bear,
 Polish your shoes.
 Teddy Bear, Teddy Bear,
 Off to school!",cheerful and whimsical,cheerful and whimsical,"repetition, which creates a rhythmic and engaging quality, and simple rhymes that enhance its sing-song nature, making it easy to remember and recite"
"One, two, three, four,
 Mary at the cottage door.
 Five, six, seven, eight,
 Eatting cherries off a plate",cheerful and whimsical,cheerful and whimsical,unknown
"“Butterfly, butterfly,
 From where do you come?”
 “I Know not, I ask not,
 I never had a home.”",somewhat melancholic yet wistful,somewhat melancholic yet wistful,"personification, as the butterfly is given the ability to speak, and invocation of rhetorical questions, which emphasize the theme of existential inquiry"
"Fetch a little: hammer:
 Tap, tap, tap.
 

 Fetch a bigger hammer:
 Bang, bang, bang.
 

 Fetch the biggest hammer:
 Crash, crash, crash.",the idea of progression,unknown,"repetition, which reinforces the escalating tone, and onomatopoeia, as seen in the sounds ""tap,"" ""bang,"" and ""crash,"" which bring the imagery to life and evoke auditory sensations that enhance the overall experience of the poem"
"To market, to market,
 With a cart full of corn.
 Happy little horsey,
 Goes hippity hoppity hop.
 Home again home again,
 Rolls the empty cart.
 Happy little horsy,
 Goes hippity, hoppity hop.",the simple joys of daily life and the rhythm of rural activities,light-hearted and joyful,"the use of repetition, particularly in the lines ""Happy little horsey"" and ""Goes hippity hoppity hop,"" which creates a musical quality and reinforces the horse's cheerful demeanor"
"Baa, Baa, Black Sheep,
 Have you any wool?
 Yes sir, yes sir,
 Three bags full.
 

 One for my master,
 One for my dame:
 And one for the little boy,
 Who lives down,the lane.",playful and cheerful,playful and cheerful,"repetition, which emphasizes the quantities of wool, and rhyme, which creates a musical quality that enhances memorability"
"Oranges and Lemon
 Sold for a penny,
 All the school kids
 Are so many.
 The grass is green,
 And the rose is red,
 Remember me;
 Till l am dead-dead-dead.",the carefree nature of youth,nostalgic and somewhat melancholic,"vivid imagery, which evokes the sensory experience of childhood, and repetition of the word ""dead,"" emphasizing the inevitability of death and serving as a poignant contrast to the light-heartedness of the earlier lines"
"Mary, Mary, quite contrary,
 How does your garden grow?
 With silver bells and cockle shells,
 And pretty maids all in a row.",lighthearted and rhythmic,lighthearted and rhythmic,"the use of rhyme and rhythmic repetition, which contribute to its lyrical quality"
"I am an aéroplane.
 Up in the sky,
 see how swiftly,
 I fly, fly, fly.",the exhilaration of flight and the freedom associated with being an airplane soaring through the sky,joyful and upbeat,"repetition with the phrase ""fly, fly, fly,"" which emphasizes the excitement of flying, and vivid imagery that allows readers to envision the airplane's swift movement through the sky"
"Row, row, row your boat,
 Gently down the stream:
 Merrily, merrily, merrily, merrily,
 Life is but a dream.",poem emphasizes the idea of life's ephemeral nature and the importance of maintaining a lighthearted approach to existence,cheerful and playful,"repetition, which enhances the poem's musical quality, and metaphor, as life is likened to a dream, suggesting both its fleetingness and the illusionary aspects of human experience"
"Little Miss Muffet,
 Sat on a tuffet,
 

 Eating some curds and whey.
 There came a big spider,
 

 And sat down beside her,
 And frightened Miss Muffet away!",light and playful,light and playful,"rhyme and rhythm, which create a sing-song quality that appeals to children"
"Lolli-pop, lolli-pop
 On a long stick,
 

 I yust take a bite,
 ] just take a lick,
 

 I soon finish my lolli-pop,
 On a long stick.",childhood innocence and the pleasure derived from small treats,lighthearted and playful,"repetition, with the phrase ""lolli-pop"" and ""on a long stick"" reinforcing the playful tone"
"Little Polly Flinders,
 Sat among the cinders,
 

 Warming her pretty little toes.
 Her mother came and caught her,
 

 And whipped her little daughter,
 For spoiling her nice new clothes. ,",light-hearted yet tinged with a sense of reprimand as it depicts a young girl,light-hearted yet tinged with a sense of reprimand as it depicts a young girl,"rhyme, as seen in the alternating lines that create a rhythmic flow, and imagery, particularly in the description of Polly's actions and her mother's reaction"
"Hop a little, jump a little,
 One, two, three.
 Run a little, skip a little,
 Tap one Knee.
 

 Bend a little, stretch a little,
 Nod your head.
 Yawn a little, sleep a little,
 In your bed.",light and whimsical,light and whimsical,"tactile imagery (""tap one knee"") and varying action verbs that promote a sense of lively motion, making the poem relatable and interactive for children"
"Little Tommy Tucker
 Sings for his supper.
 What shall he eat?
 White bread and butter.
 

 How shall he cut it
 Without any knife
 How shall he marry
 Without any wife?",supper,lighthearted and whimsical,"rhyme, which creates a rhythmic quality, and rhetorical questions that engage the reader's thoughts about everyday situations, such as eating and marriage"
"Barber, barber,
 Cut my hair,
 Clip it here and
 Clip it there.
 

 Apply all your
 skill and art,
 Please make me look,
 Bright and smart!",unknown,unknown,"repetition in the phrases ""clip it here and clip it there,"" which emphasizes the act of cutting hair and adds a rhythmic quality"
"“Hello Mr. Bunny Rabbit!
 Will you have some tea?”
 

 “Oh! No thank you,
 not for me:
 

 I'd rather have a carrot,
 But I won't have tea.”",the preferences and choices of a whimsical character,cheerful and playful,"direct dialogue, which adds a conversational quality to the piece, and repetition, as Bunny consistently declines tea in favor of a carrot"
"Tom, Tom, the piper’s son,
 He learnt to play,
 When he was young:
 But the only tune
 That he could play,
 Was ‘O’er the hills and far away!’
 

 Tom, with his pipe,
 Make such a noise,
 That he pleased, both,
 The girls and boys.
 They danced and skipped
 While he did play,
 ‘O’er the hills and far away!’",the simplicity and joy of childhood,unknown,"repetition, particularly of the tune ""O’er the hills and far away,"" which emphasizes its significance and the joy it brings"
"The Queen of Hearts,
 She made some tarts,
 

 All on a summer's day.
 The Knave of Hearts,
 

 He stole those tarts,
 And with them ran away.",light-hearted and mischievous,light-hearted and mischievous,"rhyme, as seen in the paired lines, which creates a musical quality, and personification, through the characterization of the Queen and the Knave, adding to the fanciful nature of the narrative"
"Two little ducks, Went out one day,
 Over the hills and far away.
 

 Mother Duck called them,
 “Quack-quack, quack-quack:”
 

 But only one little duck came,
 Back, back, back.",playful and lighthearted,playful and lighthearted,"repetition, as seen in the phrase ""quack-quack,"" which adds rhythm and auditory appeal, and the use of rhyme in the structure, which enhances the poem's musicality"
"Little Boy Blue,
 Come, blow your horn,
 The sheep's in the meadow,
 The cow's in the corn.
 

 But where is the boy
 Who looks after the sheep?
 He’s under the haystack
 Fast asleep.",childhood innocence and the idea of responsibility,both lighthearted and slightly melancholic,"the use of rhyme and rhythm, which give the poem a musical quality, enhancing its nursery rhyme feel"
"Incy Wincy Spider
 Climbed up the water spout.
 Down came the rain,
 And washed the spider out.
 

 Out came the sun,
 And dried up all the rain.
 So Incy Wincy Spider
 Climbed up the spout again!",perseverance and resilience in the face of adversity,light and playful,"personification, as the spider is given human-like qualities in its endeavor to climb, and rhyme, which creates a musical quality that enhances its memorability"
"Hey.Diddle Diddle,
 The cat and the fiddle:
 The cow jumped 
 Over the moon.
 

 The little dog laughed
 To see such fun,
 And the dish ran away
 With the spoon.",whimsicality and playfulness,light-hearted and cheerful,"rhyme and rhythm, creating a musical quality that enhances its playful tone"
"Little Bo-Peep,
 Has lost her sheep,
 And can’t tell
 Where to find them:
 

 Leave them alone,
 And they will come home
 Wagging their tails
 behind them.",reassured that if left undisturbed,light and playful,"rhyme and rhythm, which create a sing-song quality typical of children's nursery rhymes"
"Old Mother Hubbard
 Went to the cupboard,
 

 To fetch her poor dog a bone:
 But when she got there,
 

 The cupboard was bare,
 And so the poor dog had none.",lighthearted yet tinged with a sense of humor at the unfortunate circumstance of the dog not getting his treat,lighthearted yet tinged with a sense of humor at the unfortunate circumstance of the dog not getting his treat,"rhyme and repetition, which create a rhythmic and catchy quality"
"Hush-a-Bye, Baby
 On the tree top.
 When the wind blows,
 The cradle will rock:
 

 When the bough breaks
 The cradle will fall:
 Down will come baby,
 Cradle and all:",a mix of calmness and foreboding,a mix of calmness and foreboding,"imagery, as seen in the depiction of the tree top and the cradle, which evokes a serene, pastoral setting"
"Tick-tock, tick-tock,
 Merrily sings the clock.
 It’s time for work,
 It's time for play.
 

 So it Sings
 Throughout the day:
 Tick-tock, tick-tock,
 Merrily sings, the clock.
 ing",the passage of time and its dual nature,light and cheerful,"personification, as the clock is depicted as singing merrily, and repetition, emphasized by the recurring ""tick-tock"" which reinforces the poem's rhythmic quality and underscores the inevitability of time"
"The cat’s in the cupboard
 And cannot see me.
 

 Oh my! my!
 Tell me why,
 Birds do fly
 In the sky.",poem revolves around curiosity and the childlike wonder towards nature and the mysteries of the world,playful and whimsical,"rhyme, as seen in the use of a consistent AABB pattern, which gives the poem a lyrical quality"
"“Little girl, little girl,
 Where have you been?”
 “Gathering roses,
 To give to the Queen.”
 

 “Little girl, little girl,
 What she gave you?
 “She gave me diamond,
 As big as my shoe.”",light and playful,light and playful,"imagery, as seen in the vivid descriptions of the roses and the 'diamond as big as my shoe,' which evoke a sense of grandeur and fantasy"
"Tiggy, Tiggy Touchwood,
 My black hen:
 She lays eggs
 For gentlemen.
 

 Sometimes nine,
 And sometimes ten.
 Tiggy, Tiggy Touchwood,
 My black hen.",light-hearted and cheerful,light-hearted and cheerful,"rhyme, which contributes to its musicality, and the playful imagery of the hen's egg-laying capabilities, underscoring a delightful and simplistic portrayal of farm life"
"Simple Simon met a pieman
 Going to the fair:
 Said Simple Simon to the pieman,
 “Let me taste your ware.”
 

 Said the man to Simple Simon,
 “Show me first your penny.”
 Said Simple Simon to the pieman,
 “Indeed, I have not any.”",lack of money,light-hearted and playful,"dialogue, which adds a conversational tone, and the use of rhyme, creating a rhythmic quality that enhances its appeal as a nursery rhyme"
".Rub-a-dub-dub,
 Three men in a tub:
 

  The butcher, the baker and
  The candle-stick maker.
 

 If the tub had been stronger.
 My song would be longer.",camaraderie and the absurdity of life,light-hearted and jovial,"rhyme and rhythm, which contribute to the poem’s sing-song quality, making it memorable and enjoyable"
"Wee Willie Winkie
 Runs through the town:
 Upstairs and downstairs,
  In his night gown.
 

 Tapping on the window,
 Crying through the lock;
 “Are the children all in bed?
 For it’s past Eight o’clock.”",playful and whimsical,playful and whimsical,"the use of rhyme and rhythm, which create a musical quality, making it appealing for young readers"
"I love a little pussy,
 Her coat is so warm:
 And if I don't hurt her,
 She'll do me no harm.
 

 I'll sit by the fire,
 And give her some food:
 And pussy, will love me,
 Because I'm so good.",light-hearted and nurturing,light-hearted and nurturing,"simple rhyme and repetition, which create a playful and rhythmic quality"
"I have a toothbrush, neat and gay,
 To brush my teeth with, everyday.
 

 I brush them each morning,
 T I brush them each night;
 

 Till all are shining,
 Clean and bright.",cheerful and playful,cheerful and playful,"rhyme, as seen in the couplets that create a rhythmic flow, enhancing the joyful tone"
"After a bath,
 I try, try, try,
 To wipe myself,
 Till I'm dry, dry, dry.
 

 Hands to wipe,
 and fingers and toes,
 And two wet legs
 and a shiny nose.",light-hearted and playful,light-hearted and playful,"repetition, as seen in ""try, try, try"" and ""dry, dry, dry,"" which adds rhythm and emphasizes the effort of drying"
"Washing day, washing day,
 Mother rubs the clothes this way.
 Rub-a-dub, rub-a-dub,
 Up and down, inside the tub.",the daily routine of laundry and the labor involved in it,playful and lighthearted,"the use of repetition with phrases like ""washing day"" and ""rub-a-dub,"" which emphasize the actions and create a musical quality"
"Punch and judy,
 Fought for a pie:
 Punch gave a Judy
 A Knock in the eye.
 

  Says Punch to Judy,
 “Will you have any more?”
 Says Judy to Punch,
 “My eye is too sore.”",the comic nature of their interactions,whimsical and playful,"repetitive dialogue, which emphasizes the back-and-forth dynamic between Punch and Judy, and the use of rhyme, which lends a musical quality to the text"
"I have a little nose,
 And I have a little chin:
 And I have a little mouth,
 Just to put my dinner in.",self-acceptance and the simplicity of one’s identity,lighthearted and cheerful,"the use of rhyme, which creates a musical quality, and alliteration, emphasizing the smallness of the features"
"Look,look,
 see the clown.
 He’s jumping up,
 He's falling down,
 

 He's sitting on
 A spinning ball,
 He doesn't seem
 To care at all.",the carefree and playful nature of a clown,lighthearted and whimsical,"repetition, as seen in the opening lines ""Look, look,"" which invites the reader's attention, and rhyme, which creates a rhythmic quality with pairs like ""up/down"" and ""all/ball"
"Yankee Doodle went to town,
 Riding on a pony:
 He stuck a feather in his cap
 And called it macaroni.
 

 Yankee Doodle doodle-doo,
 Oh! Yankee Doodle Dandy: >
 All the lads and lassies
 Are as sweet as sugar-candy.",cheerful and whimsical,cheerful and whimsical,"rhyme, which creates a musical quality, and imagery, as seen in ""feather in his cap"" and ""sweet as sugar-candy,"" which conveys vivid visual and sensory elements"
"Goosey, Goosey, Gander,
 Whither shall 1 wander?
 Upstairs and downstairs,
 And in my lady’s chamber.
 

 There I met an old man,
 Who wouldn't say his prayers
 I caught him by his leftteg,
 And threw him down he s stairs.",light and mischievous,light and mischievous,"rhyme, which promotes a rhythmic and sing-song quality, and imagery, which vividly depicts the actions and setting"
"Old King Cole
 Was a merry old soul,
 

 And a merry old soul was he:
 He called for his pipe,
 

 And he called for his bowl,
 And he called for his fiddlers three.",lighthearted and playful,lighthearted and playful,"repetition in the phrases ""a merry old soul"" and ""he called for,"" which reinforce the king's jolly nature and the communal atmosphere of the gathering"
"Little Jack Horner
 Sat in a corner,
 

 Eating his Christmas pie; Ce
 

 He put in his thumb,
 

 And he pulled out a plum,
 And said, “What a good boy am I!”",lighthearted and playful,lighthearted and playful,"rhyme, as seen in the alternating lines, and imagery, particularly in the depiction of the pie and the act of pulling out a plum, which evokes a sense of happiness and satisfaction"
"Pussy-cat, pussy-cat,
 

 Where have you been?
 

 “I've been to London,
 To visit the Queen.”
 

 Pussy-cat, Pussy-cat,
 What did you do there?
 “I frightened a little mouse
 under her chair.”",cheerful and innocent,cheerful and innocent,"repetition, as seen in the repeated phrase ""Pussy-cat, pussy-cat,"" which emphasizes familiarity and rhythm, and personification, as the cat is given a voice and agency, enhancing the playful nature of the poem"
"I must say:
 

 Good morning in the morning.
 Good afternoon at noon.
 Good evening in the evening.
 Good night at night.",the acknowledgment and greeting of different times of the day,light and amicable,"repetition, as the format of greetings for each time segment emphasizes the rhythm of daily life"
"I eat slowly:
 I chew the food well.
 I do not spill food.
 

 ] eat with my right hand.
 I wash my hands before
 and after eating.",mindfulness and the importance of manners during mealtime,one of calmness and intentionality,"the use of repetition and alliteration, such as ""I eat slowly"" and ""wash my hands before and after,"" which reinforce the speaker's commitment to their eating habits and enhance the rhythm of the poem"
"go to the toilet.
 I brush my teeth.
 I wear clean night clothes.
 I greet everyone Good Night.
 I say my prayers.
 I hop into my bed.",the routine of preparing for bed,calm and soothing,"the use of everyday language and rhythm, which creates a sense of familiarity and relatability, drawing the reader into the peacefulness of the bedtime process"
"I love my parents.
 I love my brothers and sisters.
 I help all at home.
 I keep my things in their place.
 I wish those who come to my house.",familial love,warm and cheerful,"repetition (using ""I love"") to reinforce emotional ties and simple, straightforward language that conveys sincerity and innocence in the speaker's sentiments towards their family"
"I go to school in clean clothes.
 I wish my teacher in the classroom.
 I obey the teacher.
 I keep my classroom clean.
 I do not tear pictures.",the values of discipline,positive and orderly,"the use of simple, straightforward language that emphasizes the child's daily routine and behaviors, creating a sense of innocence and simplicity"
"I say Please when I want something.
 I say Thank you when I get something.
 

 I say Excuse me when I cough or sneeze.
 I say Pardon me when I do not hear.",the importance of courtesy and the use of polite expressions in communication,unknown,"repetition, as the structure consistently uses ""I say"" to introduce each polite expression, creating rhythm and reinforcing the message"
"l am always neat and tidy.
 I do not drop food while eating.
 I cut my nails.
 I wash my hands before and after eating.
 I do not put my fingers in my mouth.
 I keep my hair neat and tidy.",one of discipline and pride in one’s habits,one of discipline and pride in one’s habits,"repetition, as the speaker emphasizes various actions that contribute to their neatness, reinforcing their commitment to hygiene and self-care"
"It was a hot summer day. A crow was very thirsty. He flew from
 one place to another, but he could not get any water. At last he
 saw a big pot. There was very little water in it. He thought of a
 plan. He picked up some stones and dropped them into the pot
 one by one. The water in the pot came up. He drank the water
 and flew away happily.
 Moral: We should always use our common sense.",resourcefulness and problem-solving,both tense,"personification, as the crow displays human-like qualities of reasoning and planning"
"Once a dog found a bone in a jungle. He held the bone in his
 mouth. He came near a stream. While crossing the stream, he
 looked into the water. He thought that there was another dog in
 the water who wanted his bone. So he opened his mouth to bark:
 and his bone fell down into the water. It was not another dog. It
 was his own reflection. The dog was very angry with himself for
 being greedy. He had to remain hungry.
 

 Moral: We should never be greedy.",the consequences of being greedy and how it can result in losing what one already possesses,unknown,"metaphor—where the water serves as a reflection of the dog’s desire—and personification, as the dog's perception of another dog represents his internal conflict with greed"
"Once a lion caught a mouse. The mouse begged the lion not to
 eat him. Someday, he said, he would help the lion. The lion set
 the mouse free.
 

 One day, the lion got caught in a hunter’s net. The mouse came
 to help lion. He cut the net with his sharp teeth. The lion was set
 free. The lion and the mouse became good friends.
 

 Moral: We should never judge anybody by appearance.",the idea of kindness and the unexpected nature of friendship,uplifting and hopeful,"personification, as animals are given human traits, and irony, where the initially perceived weak character (the mouse) turns out to be instrumental in saving the powerful one (the lion)"
"See me skip
 see me run,
 I am going to school Like everyone.
 See me shout
 See me wave,
 I am off to school
 Bye, everyone.
 See me hug See me dance,
 I see my friends Hello, everyone!
 See me smile See me grin,
 When the bell rings I walk in.
 See me jump
 See me play,
 I am in S.P.M. Public School
 Hip Hip Hooray!!!",the joy and excitement of starting a new school day,cheerful and playful,"repetition (""See me""), which emphasizes the various actions and feelings of the child, and the use of informal rhyme and rhythm, which creates a lively tone and enhances the playful spirit of the poem"
"Baa, baa black sheep
 Have you any wool
 Yes sir, yes sir
 Three bags full
 One for my master
 And one for my dame
 And one for the little boy
 Who lives down the lane.",playful and light-hearted,playful and light-hearted,"rhyme, which creates a musical quality (e"
"Incy Wincy spider
 Climbed up the waterspout
 Down came the rain
 And washed the spider out.
 Out came the sun
 And dried up all the rain
 So the Incy Wincy spider
 Climbed the spout again!",light and playful,light and playful,"repetition, which reinforces the cyclical nature of the spider's journey, and personification, as the spider is given human-like qualities through its ability to climb and persist after facing challenges"
"Oh dear! What can the matter be?
 Oh dear! What can the matter be?
 FATA
 Oh dear! What can the matter be?
 Johnny's so long at the fair.
 He promised to buy me a bunch of blue ribbons,
 To tie up my long brown hair.
 Oh dear! What can the matter be?
 Oh dear! What can the matter be?
 Oh dear! What can the matter be?
 Johnny's so long at the fair.",anxiety and anticipation related to a loved one’s absence,unknown,"repetition, which serves to heighten the emotional urgency of the speaker's feelings, as well as imagery, particularly in the reference to ""blue ribbons"" and ""long brown hair,"" painting a vivid picture of youthful innocence and affection"
"I'm a little teapot
 Short and stout
 This is my handle
 This is my spout
 When the water's boiling
 Hear me shout
 Pick me up and pour me out",light-hearted and cheerful,light-hearted and cheerful,"personification, as the teapot is given human-like qualities (e"
"One, two, buckle my shoe
 Three, four, knock at the door
 Five, six, pick up the sticks,
 Seven, eight, lay them straight
 Nine, ten, a big fat hen",lighthearted and whimsical,lighthearted and whimsical,"repetition and rhyme, which create a musical quality that enhances its appeal to young readers"
"Gently down the stream
 Merrily, merrily, merrily, merrily
 Life is but a dream
 Row row row your boat
 Gently down the stream
 If you see a small fish Don't forget to scream Row row row your boat
 Gently down the stream
 If you see a big fish
 Don't you ever scream",but a dream,light-hearted and whimsical,"repetition, particularly of the phrase ""row row row your boat,"" which creates a rhythmic and musical quality, contributing to the overall cheerfulness of the poem"
"Hot cross buns (2)
 One a penny, two a penny hot cross buns
 Give them to your daughters, and also to your sons,
 One a penny, two a penny Hot cross buns.",unknown,unknown,"repetition, which enhances the musicality of the verse, and alliteration in ""penny"" and ""buns,"" contributing to the rhythmic quality of the poem"
"Two little dicky birds
 Sat upon a wall;
 One named Peter,
 The other named Paul;
 Fly away, Peter!
 Fly away, Paul!
 Come back, Peter!
 Come back, Paul!",cheerful and inviting,cheerful and inviting,"repetition, as seen in the phrases ""Fly away"" and ""Come back,"" which create a rhythmic quality and enhance the sense of movement and interaction between the birds"
"I Hear thunder,
 I Hear thunder,
 Oh! don't you?
 Pitter-Patter raindrops,
 Pitter-Patter raindrops,
 I'm wet through!
 I'm wet through!
 So are You!",the experience of rain and the associated feelings of joy and connection,unknown,"repetition, with phrases like ""I hear thunder"" and ""Pitter-Patter raindrops"" reinforcing the rhythmic quality and emphasizing the sounds of the storm"
"I have a little tooth brush
 I hold it very tight
 I brush my teeth each morning
 And then again at night",light-hearted and playful,light-hearted and playful,"repetition, emphasizing the frequency of brushing (""each morning / And then again at night""), and a rhythmic structure that enhances its whimsical tone, making it engaging for readers, especially children"
"Ten little fingers, ten little toes
 Two little ears and one little nose,
 Two little eyes that shine so bright
 One little mouth to kiss mother
 Good Night",the tenderness and joy of parenthood,warm and affectionate,"simple rhyming couplets that create a soothing rhythm, making it suitable for a bedtime setting, as well as imagery that paints a vivid picture of the child's features"
"Clap your hands
 Clap your hands
 Listen to the music and
 Clap your hands
 Same way-
 Stamp your feet
 Turn around
 Jump up high",lively,lively,"repetition, which creates a rhythmic and engaging flow, and imperative verbs that instill a sense of urgency and excitement in the instructions"
"Aeroplane, Aeroplane up in the sky,(2)
 Where are you going flying so high
 Over the hills over the seas,(2)
 Aeroplane Aeroplane please take me",travel and the excitement of flight,playful and whimsical,"repetition, as seen in the recurring phrases ""Aeroplane"" and ""please take me,"" which emphasizes the speaker's longing"
"Open them, shut them(2)
 Give a little clap(2)
 Open them, shut them(2)
 Lay them on your lap(2)
 Creep them(4)
 Go upto your chin(2)
 Open wide your little mouth
 But don't let them in.
 Open them, shut them.",engaging children in playful activities,light-hearted and playful,"repetition, which enhances the rhythm and makes it easy for children to follow along, and rhyme, which adds a musical quality to the poem, making it enjoyable and memorable for young readers"
"There is rainbow in the sky
 Do you know how it came by?
 Drops of water through sunlight
 Gives the sky a pretty sight
 Seven colours can be seen
 Red, yellow and lovely green
 Violet, Indigo and blue
 There is orange in it too!",whimsical and joyful,whimsical and joyful,"rhyme, as seen in the couplets that create a musicality to the poem, and imagery, as the poem vividly describes the rainbow and its seven colors, evoking a visual delight for the reader"
"Bits of paper
 Bits of paper
 Lying on the floor
 Lying on the floor
 Makes the place untidy
 Makes the place untidy
 Pick them up
 Pick them up
 Collect all the papers
 Collect all the papers
 Where shall we throw?
 Where shall we throw?
 Throw them in the dustbin
 Throw them in the dustbin
 Now the place is clean
 Now the place is clean",unknown,unknown,unknown
"Two little hands go
 Clap clap clap
 Two little feet go
 Tap tap tap
 Two little eyes
 That open wide
 One little head
 Nods side to side",the joyful movements and actions of a child,cheerful and lively,"alliteration in phrases like ""clap clap clap"" and ""tap tap tap,"" as well as repetition, which enhances the poem's playful tone and engages the reader or listener"
"The bear went over the mountain (3)
 To see what he could see
 And what did you think he saw? (2)
 The other side of the mountain (3)
 Was all that he could see
 And what did you think he did? (2)
 He slipped down the mountain (3)
 And fell into the sea
 Splash.............",curiosity and exploration,playful and whimsical,"repetition, highlighted through the repeated phrases that create a rhythmic structure, and a sound effect at the end (""Splash""), which adds an element of surprise and humor"
"Ring a ring of roses
 Pocket full of posies
 A Tishoo and A Tishoo
 We all fall down
 The cows are in the meadows
 Eating buttercups
 A Tishoo and A Tishoo
 We all jump up",poem revolves around the cycle of life and death,whimsical and light-hearted at first,"repetition, as seen in the phrases ""A Tishoo and A Tishoo"" and ""We all—,"" which create a rhythmic flow that enhances the musical quality of the poem"
"Munching Mangoes
 Munching Mangoes
 Mish mash mush (2)
 Jumps in to the puddle
 Splish, splash, splush (2).",unknown,unknown,unknown
"Carrots and pumpkins
 Cabbage and peas
 Big brown potatoes
 Long green beans.
 So many vegetables
 Good for you.
 Spinach and corn
 Let us try them too.",promoting healthy eating habits through the inclusion of various vegetables in one's diet,cheerful and inviting,"alliteration, as seen in phrases like ""Big brown potatoes"" and ""Long green beans,"" which add a rhythmic quality to the poem, enhancing its playful tone"
"I have two arms that swing like this, (thrice) I have two arms that swing like this, Swing, Swing, Swing.
 I have two hands that clap like this, (thrice) I have two hands that clap like this, Clap, Clap, Clap.
 I have little fingers that wriggle like this, (thrice) I have little fingers that wriggle like this, Wriggle, Wriggle, Wriggle.
 I have two legs that jump like this, (thrice) I have two legs that jump like this, Jump, Jump, Jump.
 I have two feet that march like this, (thrice) I have two feet that march like this, March, March, March.
 I have little toes that hop like this, (thrice) I have little toes that hop like this,
 Hop, Hop, Hop.",unknown,unknown,"repetition, which emphasizes the rhythmic quality and encourages engagement, as the phrases are reiterated thrice to enhance the playful nature of the poem"
"Rabbit, Rabbit 1, 2, 3
 Will you come and play with me?
 Camels, Camels 4, 5, 6
 Why do you have a hump like this?
 Monkeys, Monkeys 7, 8, 9
 Will you teach me how to climb?
 When I counted up to 10,
 The elephant says,
 ""Now start again"".",lighthearted and cheerful,lighthearted and cheerful,"alliteration with the repeated animal names and numbers, as well as personification, as the animals are depicted as capable of teaching and playing"
"One, two, one, two lets visit the zoo
 Three, four, three, four hear the lion roar
 Five, six, five, six watch the monkey tricks
 Seven, eight, seven, eight peacock looks so great
 Nine, ten, nine, ten we shall come again.",a playful and joyful visit to the zoo,light-hearted and whimsical,"rhyme, as demonstrated by the repetitive structure of the verses (""one, two, one, two"" and so forth), which creates a rhythmic quality that engages the reader"
